<!DOCTYPE hibernate-mapping PUBLIC "-//Hibernate/Hibernate Mapping DTD 3.0//EN" "http://hibernate.sourceforge.net/hibernate-mapping-3.0.dtd">
<hibernate-mapping>
    <class name="com.testdb.data.GeCaEmpCnaeSec" table="ge_ca_emp_cnae_sec" dynamic-insert="false" dynamic-update="false">
        <id name="geempcnsid" type="integer">
            <column name="GEEMPCNSID"/>
            <generator class="identity"/>
        </id>
        <property name="geempcnsstatus" type="string">
            <column name="GEEMPCNSSTATUS" length="1" not-null="true"/>
        </property>
        <property name="geempcnsvigdesde" type="date">
            <column name="GEEMPCNSVIGDESDE" length="10"/>
        </property>
        <property name="geempcnsvigate" type="date">
            <column name="GEEMPCNSVIGATE" length="10"/>
        </property>
        <many-to-one name="geTbCnaeSubclasse" class="com.testdb.data.GeTbCnaeSubclasse">
            <column name="GEEMPCNSCNAEID" length="7"/>
        </many-to-one>
        <many-to-one name="geCaEmpresas" class="com.testdb.data.GeCaEmpresas">
            <column name="GEEMPCNSEMPRESAID" not-null="true"/>
        </many-to-one>
    </class>
</hibernate-mapping>