<!DOCTYPE hibernate-mapping PUBLIC "-//Hibernate/Hibernate Mapping DTD 3.0//EN" "http://hibernate.sourceforge.net/hibernate-mapping-3.0.dtd">
<hibernate-mapping>
    <class name="com.testdb.data.GeCaEmpContas" table="ge_ca_emp_contas" dynamic-insert="false" dynamic-update="false">
        <id name="geempctsid" type="integer">
            <column name="GEEMPCTSID"/>
            <generator class="identity"/>
        </id>
        <property name="geempctsagencia" type="string">
            <column name="GEEMPCTSAGENCIA" length="5" not-null="true"/>
        </property>
        <property name="geempctsagdv" type="string">
            <column name="GEEMPCTSAGDV" length="1"/>
        </property>
        <property name="geempctsconta" type="string">
            <column name="GEEMPCTSCONTA" length="10"/>
        </property>
        <property name="geempctsctdv" type="string">
            <column name="GEEMPCTSCTDV" length="1"/>
        </property>
        <property name="geempctsgerente" type="string">
            <column name="GEEMPCTSGERENTE" length="60"/>
        </property>
        <property name="geempctsgeremail" type="string">
            <column name="GEEMPCTSGEREMAIL" length="60"/>
        </property>
        <property name="geempctsstatus" type="string">
            <column name="GEEMPCTSSTATUS" length="1" not-null="true"/>
        </property>
        <property name="geempctsinivig" type="date">
            <column name="GEEMPCTSINIVIG" length="10"/>
        </property>
        <property name="geempctsfimvig" type="date">
            <column name="GEEMPCTSFIMVIG" length="10"/>
        </property>
        <many-to-one name="geTbBancos" class="com.testdb.data.GeTbBancos">
            <column name="GEEMPCTSBANCOID" not-null="true"/>
        </many-to-one>
        <many-to-one name="geTbTiposConta" class="com.testdb.data.GeTbTiposConta">
            <column name="GEEMPCTSTIPO" not-null="true"/>
        </many-to-one>
        <many-to-one name="geCaEmpresas" class="com.testdb.data.GeCaEmpresas">
            <column name="GEEMPCTSEMPRESAID" not-null="true"/>
        </many-to-one>
    </class>
</hibernate-mapping>