<!DOCTYPE hibernate-mapping PUBLIC "-//Hibernate/Hibernate Mapping DTD 3.0//EN" "http://hibernate.sourceforge.net/hibernate-mapping-3.0.dtd">
<hibernate-mapping>
    <class name="com.testdb.data.GeCaEmpresas" table="ge_ca_empresas" dynamic-insert="false" dynamic-update="false">
        <id name="gecaempid" type="integer">
            <column name="GECAEMPID"/>
            <generator class="identity"/>
        </id>
        <property name="gecaemppfpj" type="string">
            <column name="GECAEMPPFPJ" length="1" not-null="true"/>
        </property>
        <property name="gecaempcod" type="string">
            <column name="GECAEMPCOD" length="14" not-null="true"/>
        </property>
        <property name="gecaempnomegr" type="string">
            <column name="GECAEMPNOMEGR" length="80" not-null="true"/>
        </property>
        <property name="gecaempnomepq" type="string">
            <column name="GECAEMPNOMEPQ" length="40"/>
        </property>
        <property name="gecaempstatus" type="string">
            <column name="GECAEMPSTATUS" length="1" not-null="true"/>
        </property>
        <property name="gecaempinivig" type="date">
            <column name="GECAEMPINIVIG" length="10"/>
        </property>
        <property name="gecaempfimvig" type="date">
            <column name="GECAEMPFIMVIG" length="10"/>
        </property>
        <property name="gecaempusafilial" type="string">
            <column name="GECAEMPUSAFILIAL" length="1" not-null="true"/>
        </property>
        <property name="gecaempusacc" type="string">
            <column name="GECAEMPUSACC" length="1" not-null="true"/>
        </property>
        <many-to-one name="geTbTiposEmpresas" class="com.testdb.data.GeTbTiposEmpresas">
            <column name="GECAEMPTIPOID"/>
        </many-to-one>
        <many-to-one name="siClientes" class="com.testdb.data.SiClientes">
            <column name="GECAEMPCLIID" not-null="true"/>
        </many-to-one>
        <set name="geSgGruXEmpresas" inverse="true" cascade="">
            <key>
                <column name="GESGGXEIDEmpresa" not-null="true"/>
            </key>
            <one-to-many class="com.testdb.data.GeSgGruXEmpresa"/>
        </set>
        <set name="geCaEmpContases" inverse="true" cascade="">
            <key>
                <column name="GEEMPCTSEMPRESAID" not-null="true"/>
            </key>
            <one-to-many class="com.testdb.data.GeCaEmpContas"/>
        </set>
        <set name="geCaFuncionarios" inverse="true" cascade="">
            <key>
                <column name="GEFUNCIEMPRESAID" not-null="true"/>
            </key>
            <one-to-many class="com.testdb.data.GeCaFuncionario"/>
        </set>
        <set name="geCaEmpCnaeSecs" inverse="true" cascade="">
            <key>
                <column name="GEEMPCNSEMPRESAID" not-null="true"/>
            </key>
            <one-to-many class="com.testdb.data.GeCaEmpCnaeSec"/>
        </set>
        <set name="geCaEmpLotacaos" inverse="true" cascade="">
            <key>
                <column name="GEEMPLOTEMPRESAID" not-null="true"/>
            </key>
            <one-to-many class="com.testdb.data.GeCaEmpLotacao"/>
        </set>
        <set name="geCaEmpCentrocustos" inverse="true" cascade="">
            <key>
                <column name="GEEMPCCUEMPRESAID" not-null="true"/>
            </key>
            <one-to-many class="com.testdb.data.GeCaEmpCentrocusto"/>
        </set>
        <set name="geCaEmpWebs" inverse="true" cascade="">
            <key>
                <column name="GEEMPWEBEMPRESAID" not-null="true"/>
            </key>
            <one-to-many class="com.testdb.data.GeCaEmpWeb"/>
        </set>
        <set name="geCaEmpEnds" inverse="true" cascade="">
            <key>
                <column name="GEEMPENDEMPRESAID" not-null="true"/>
            </key>
            <one-to-many class="com.testdb.data.GeCaEmpEnd"/>
        </set>
        <set name="geCaEmpDocsPfs" inverse="true" cascade="">
            <key>
                <column name="GEEMPDPFEMPRESAID" not-null="true"/>
            </key>
            <one-to-many class="com.testdb.data.GeCaEmpDocsPf"/>
        </set>
        <set name="geCaEmpSocioses" inverse="true" cascade="">
            <key>
                <column name="GEEMPSOIDEMPRESA" not-null="true"/>
            </key>
            <one-to-many class="com.testdb.data.GeCaEmpSocios"/>
        </set>
        <set name="geCaEmpContatoses" inverse="true" cascade="">
            <key>
                <column name="GEEMPCOSEMPRESAID" not-null="true"/>
            </key>
            <one-to-many class="com.testdb.data.GeCaEmpContatos"/>
        </set>
        <set name="geCaEmpDocsPjs" inverse="true" cascade="">
            <key>
                <column name="GEEMPDPJEMPRESAID" not-null="true"/>
            </key>
            <one-to-many class="com.testdb.data.GeCaEmpDocsPj"/>
        </set>
        <set name="geCaEmpTels" inverse="true" cascade="">
            <key>
                <column name="GEEMPTELEMPRESAID" not-null="true"/>
            </key>
            <one-to-many class="com.testdb.data.GeCaEmpTel"/>
        </set>
        <set name="geCaEmpHisPgtos" inverse="true" cascade="">
            <key>
                <column name="GEEMPHPIDEMPRESA" not-null="true"/>
            </key>
            <one-to-many class="com.testdb.data.GeCaEmpHisPgto"/>
        </set>
    </class>
</hibernate-mapping>