<!DOCTYPE hibernate-mapping PUBLIC "-//Hibernate/Hibernate Mapping DTD 3.0//EN" "http://hibernate.sourceforge.net/hibernate-mapping-3.0.dtd">
<hibernate-mapping>
    <class name="com.testdb.data.GeSgGruXCampo" table="ge_sg_gru_x_campo" dynamic-insert="false" dynamic-update="false">
        <id name="gesggxaid" type="integer">
            <column name="GESGGXAID"/>
            <generator class="identity"/>
        </id>
        <property name="gesggxaidcampo" type="integer">
            <column name="GESGGXAIDCampo" not-null="true"/>
        </property>
        <property name="gesggxavisib" type="string">
            <column name="GESGGXAVisib" length="1" not-null="true"/>
        </property>
        <property name="gesggxahabilit" type="string">
            <column name="GESGGXAHabilit" length="1" not-null="true"/>
        </property>
        <property name="gesggxaobrig" type="string">
            <column name="GESGGXAObrig" length="1" not-null="true"/>
        </property>
        <property name="gesggxatrilha" type="string">
            <column name="GESGGXATrilha" length="1" not-null="true"/>
        </property>
        <many-to-one name="geSgGrupos" class="com.testdb.data.GeSgGrupos">
            <column name="GESGGXAIDGrp" not-null="true"/>
        </many-to-one>
    </class>
</hibernate-mapping>