<!DOCTYPE hibernate-mapping PUBLIC "-//Hibernate/Hibernate Mapping DTD 3.0//EN" "http://hibernate.sourceforge.net/hibernate-mapping-3.0.dtd">
<hibernate-mapping>
    <class name="com.testdb.data.GeSgGruXEmpresa" table="ge_sg_gru_x_empresa" dynamic-insert="false" dynamic-update="false">
        <id name="gesggxeid" type="integer">
            <column name="GESGGXEID"/>
            <generator class="identity"/>
        </id>
        <many-to-one name="geSgGrupos" class="com.testdb.data.GeSgGrupos">
            <column name="GESGGXEIDGrp" not-null="true"/>
        </many-to-one>
        <many-to-one name="geCaEmpresas" class="com.testdb.data.GeCaEmpresas">
            <column name="GESGGXEIDEmpresa" not-null="true"/>
        </many-to-one>
    </class>
</hibernate-mapping>