<!DOCTYPE hibernate-mapping PUBLIC "-//Hibernate/Hibernate Mapping DTD 3.0//EN" "http://hibernate.sourceforge.net/hibernate-mapping-3.0.dtd">
<hibernate-mapping>
    <class name="com.testdb.data.GeTbTiposConta" table="ge_tb_tipos_conta" dynamic-insert="false" dynamic-update="false">
        <id name="getipoconid" type="integer">
            <column name="GETIPOCONID"/>
            <generator class="identity"/>
        </id>
        <property name="getipoconcod" type="string">
            <column name="GETIPOCONCOD" length="5" not-null="true"/>
        </property>
        <property name="getipocondescr" type="string">
            <column name="GETIPOCONDESCR" length="50" not-null="true"/>
        </property>
        <property name="getipoconstatus" type="string">
            <column name="GETIPOCONSTATUS" length="1" not-null="true"/>
        </property>
        <property name="getipoconinivig" type="date">
            <column name="GETIPOCONINIVIG" length="10"/>
        </property>
        <property name="getipoconfimvig" type="date">
            <column name="GETIPOCONFIMVIG" length="10"/>
        </property>
        <many-to-one name="siClientes" class="com.testdb.data.SiClientes">
            <column name="GETIPOCONCLIID" not-null="true"/>
        </many-to-one>
        <set name="siCliContases" inverse="true" cascade="">
            <key>
                <column name="SICLICTSTIPO" not-null="true"/>
            </key>
            <one-to-many class="com.testdb.data.SiCliContas"/>
        </set>
        <set name="geCaEmpContases" inverse="true" cascade="">
            <key>
                <column name="GEEMPCTSTIPO" not-null="true"/>
            </key>
            <one-to-many class="com.testdb.data.GeCaEmpContas"/>
        </set>
    </class>
</hibernate-mapping>