<!DOCTYPE hibernate-mapping PUBLIC "-//Hibernate/Hibernate Mapping DTD 3.0//EN" "http://hibernate.sourceforge.net/hibernate-mapping-3.0.dtd">
<hibernate-mapping>
    <class name="com.testdb.data.GeTbCnaeDivisao" table="ge_tb_cnae_divisao" dynamic-insert="false" dynamic-update="false">
        <id name="gecnaebcod" type="string">
            <column name="GECNAEBCOD" length="2"/>
            <generator class="assigned"/>
        </id>
        <property name="gecnaebnome" type="string">
            <column name="GECNAEBNOME" length="100" not-null="true"/>
        </property>
        <many-to-one name="geTbCnaeSecao" class="com.testdb.data.GeTbCnaeSecao">
            <column name="GECNAEBSECAO" length="1" not-null="true"/>
        </many-to-one>
        <set name="geTbCnaeGrupos" inverse="true" cascade="">
            <key>
                <column name="GECNAECDIVIS" length="2" not-null="true"/>
            </key>
            <one-to-many class="com.testdb.data.GeTbCnaeGrupo"/>
        </set>
    </class>
</hibernate-mapping>