<!DOCTYPE hibernate-mapping PUBLIC "-//Hibernate/Hibernate Mapping DTD 3.0//EN" "http://hibernate.sourceforge.net/hibernate-mapping-3.0.dtd">
<hibernate-mapping>
    <class name="com.testdb.data.SiCliValores" table="si_cli_valores" dynamic-insert="false" dynamic-update="false">
        <id name="sicvaid" type="integer">
            <column name="SICVAID"/>
            <generator class="identity"/>
        </id>
        <property name="sicvatipocli" type="string">
            <column name="SICVATIPOCLI" length="1" not-null="true"/>
        </property>
        <property name="sicvanoempgrp" type="integer">
            <column name="SICVANOEMPGRP"/>
        </property>
        <property name="sicvanousuarios" type="integer">
            <column name="SICVANOUSUARIOS"/>
        </property>
        <property name="sicvanofundep" type="integer">
            <column name="SICVANOFUNDEP"/>
        </property>
        <property name="sicvatipocobranc" type="string">
            <column name="SICVATIPOCOBRANC" length="1" not-null="true"/>
        </property>
        <property name="sicvavalor" type="integer">
            <column name="SICVAVALOR"/>
        </property>
        <property name="sicvastatus" type="string">
            <column name="SICVASTATUS" length="1" not-null="true"/>
        </property>
        <property name="sicvainivig" type="date">
            <column name="SICVAINIVIG" length="10"/>
        </property>
        <property name="sicvafimvig" type="date">
            <column name="SICVAFIMVIG" length="10"/>
        </property>
        <many-to-one name="siClientes" class="com.testdb.data.SiClientes">
            <column name="SICVAIDCLIENTE" not-null="true"/>
        </many-to-one>
    </class>
</hibernate-mapping>