<!DOCTYPE hibernate-mapping PUBLIC "-//Hibernate/Hibernate Mapping DTD 3.0//EN" "http://hibernate.sourceforge.net/hibernate-mapping-3.0.dtd">
<hibernate-mapping>
    <class name="com.testdb.data.SiCliDocsPf" table="si_cli_docs_pf" dynamic-insert="false" dynamic-update="false">
        <id name="siclidpfclienteid" type="integer">
            <column name="SICLIDPFCLIENTEID"/>
            <generator class="assigned"/>
        </id>
        <property name="siclidpfcpf" type="string">
            <column name="SICLIDPFCPF" length="11" not-null="true"/>
        </property>
        <property name="siclidpfrg" type="string">
            <column name="SICLIDPFRG" length="15"/>
        </property>
        <property name="siclidpfrgorgao" type="string">
            <column name="SICLIDPFRGORGAO" length="20"/>
        </property>
        <property name="siclidpfregprof" type="string">
            <column name="SICLIDPFREGPROF" length="20"/>
        </property>
        <many-to-one
            name="siClientes"
            class="com.testdb.data.SiClientes"
            update="false"
            insert="false"
            fetch="select">
            <column name="SICLIDPFCLIENTEID" not-null="true"/>
        </many-to-one>
        <many-to-one name="geTbUf" class="com.testdb.data.GeTbUf">
            <column name="SICLIDPFRGUF"/>
        </many-to-one>
    </class>
</hibernate-mapping>