<!DOCTYPE hibernate-mapping PUBLIC "-//Hibernate/Hibernate Mapping DTD 3.0//EN" "http://hibernate.sourceforge.net/hibernate-mapping-3.0.dtd">
<hibernate-mapping>
    <class name="com.testdb.data.SiProduto" table="si_produto" dynamic-insert="false" dynamic-update="false">
        <id name="siproid" type="integer">
            <column name="SIPROID"/>
            <generator class="identity"/>
        </id>
        <property name="siprocod" type="string">
            <column name="SIPROCOD" length="5" not-null="true"/>
        </property>
        <property name="sipronome" type="string">
            <column name="SIPRONOME" length="80" not-null="true"/>
        </property>
        <property name="siprodescr" type="string">
            <column name="SIPRODESCR" length="500"/>
        </property>
        <property name="siprodstatus" type="string">
            <column name="SIPRODSTATUS" length="1" not-null="true"/>
        </property>
        <property name="siprodinivig" type="date">
            <column name="SIPRODINIVIG" length="10"/>
        </property>
        <property name="siprodfimvig" type="date">
            <column name="SIPRODFIMVIG" length="10"/>
        </property>
        <set name="siSistemas" inverse="true" cascade="">
            <key>
                <column name="SISISPRODID" not-null="true"/>
            </key>
            <one-to-many class="com.testdb.data.SiSistema"/>
        </set>
    </class>
</hibernate-mapping>