<!DOCTYPE hibernate-mapping PUBLIC "-//Hibernate/Hibernate Mapping DTD 3.0//EN" "http://hibernate.sourceforge.net/hibernate-mapping-3.0.dtd">
<hibernate-mapping>
    <class name="com.testdb.data.SiSisVerComponentes" table="si_sis_ver_componentes" dynamic-insert="false" dynamic-update="false">
        <id name="simvecomid" type="integer">
            <column name="SIMVECOMID"/>
            <generator class="identity"/>
        </id>
        <property name="simvecomtipo" type="string">
            <column name="SIMVECOMTIPO" length="1" not-null="true"/>
        </property>
        <property name="simvecomdescricao" type="string">
            <column name="SIMVECOMDESCRICAO" length="65535"/>
        </property>
        <many-to-one name="siSisModComponentes" class="com.testdb.data.SiSisModComponentes">
            <column name="SIMVECOMIDCOMPO" not-null="true"/>
        </many-to-one>
    </class>
</hibernate-mapping>