<!DOCTYPE hibernate-mapping PUBLIC "-//Hibernate/Hibernate Mapping DTD 3.0//EN" "http://hibernate.sourceforge.net/hibernate-mapping-3.0.dtd">
<hibernate-mapping>
    <class name="com.testdb.data.SiSisModTabIndex" table="si_sis_mod_tab_index" dynamic-insert="false" dynamic-update="false">
        <id name="sismtiid" type="integer">
            <column name="SISMTIID"/>
            <generator class="identity"/>
        </id>
        <property name="sismtinome" type="string">
            <column name="SISMTINOME" length="30" not-null="true"/>
        </property>
        <property name="sismtidescricao" type="string">
            <column name="SISMTIDESCRICAO" length="1000"/>
        </property>
        <many-to-one name="siSisModTabelas" class="com.testdb.data.SiSisModTabelas">
            <column name="SISMTIIDTABELA" not-null="true"/>
        </many-to-one>
    </class>
</hibernate-mapping>