<!DOCTYPE hibernate-mapping PUBLIC "-//Hibernate/Hibernate Mapping DTD 3.0//EN" "http://hibernate.sourceforge.net/hibernate-mapping-3.0.dtd">
<hibernate-mapping>
    <class name="com.postgresdb.data.GeCaEmpCentrocusto" table="ge_ca_emp_centrocusto" schema="public" dynamic-insert="false" dynamic-update="false">
        <id name="geempccuid" type="integer">
            <column name="geempccuid"/>
            <generator class="identity"/>
        </id>
        <property name="geempccucodigo" type="string">
            <column name="geempccucodigo" length="10" not-null="true"/>
        </property>
        <property name="geempccunome" type="string">
            <column name="geempccunome" length="80" not-null="true"/>
        </property>
        <property name="geempccunomeabre" type="string">
            <column name="geempccunomeabre" length="40"/>
        </property>
        <property name="geempccustatus" type="string">
            <column name="geempccustatus" length="1" not-null="true"/>
        </property>
        <property name="geempccuvigdesde" type="date">
            <column name="geempccuvigdesde" length="13"/>
        </property>
        <property name="geempccuvigate" type="date">
            <column name="geempccuvigate" length="13"/>
        </property>
        <many-to-one name="geCaEmpresas" class="com.postgresdb.data.GeCaEmpresas">
            <column name="geempccuempresaid" not-null="true"/>
        </many-to-one>
    </class>
</hibernate-mapping>