<!DOCTYPE hibernate-mapping PUBLIC "-//Hibernate/Hibernate Mapping DTD 3.0//EN" "http://hibernate.sourceforge.net/hibernate-mapping-3.0.dtd">
<hibernate-mapping>
    <class name="com.postgresdb.data.GeTbCnaeSecao" table="ge_tb_cnae_secao" schema="public" dynamic-insert="false" dynamic-update="false">
        <id name="gecnaeacod" type="string">
            <column name="gecnaeacod" length="1"/>
            <generator class="assigned"/>
        </id>
        <property name="gecnaeanome" type="string">
            <column name="gecnaeanome" length="100" not-null="true"/>
        </property>
        <set name="geTbCnaeDivisaos" inverse="true" cascade="">
            <key>
                <column name="gecnaebsecao" length="1" not-null="true"/>
            </key>
            <one-to-many class="com.postgresdb.data.GeTbCnaeDivisao"/>
        </set>
    </class>
</hibernate-mapping>