<!DOCTYPE hibernate-mapping PUBLIC "-//Hibernate/Hibernate Mapping DTD 3.0//EN" "http://hibernate.sourceforge.net/hibernate-mapping-3.0.dtd">
<hibernate-mapping>
    <class name="com.postgresdb.data.GeTbCnaeGrupo" table="ge_tb_cnae_grupo" schema="public" dynamic-insert="false" dynamic-update="false">
        <id name="gecnaeccod" type="string">
            <column name="gecnaeccod" length="3"/>
            <generator class="assigned"/>
        </id>
        <property name="gecnaecnome" type="string">
            <column name="gecnaecnome" length="100" not-null="true"/>
        </property>
        <many-to-one name="geTbCnaeDivisao" class="com.postgresdb.data.GeTbCnaeDivisao">
            <column name="gecnaecdivis" length="2" not-null="true"/>
        </many-to-one>
        <set name="geTbCnaeClasses" inverse="true" cascade="">
            <key>
                <column name="gecnaedgrupo" length="3" not-null="true"/>
            </key>
            <one-to-many class="com.postgresdb.data.GeTbCnaeClasse"/>
        </set>
    </class>
</hibernate-mapping>