<!DOCTYPE hibernate-mapping PUBLIC "-//Hibernate/Hibernate Mapping DTD 3.0//EN" "http://hibernate.sourceforge.net/hibernate-mapping-3.0.dtd">
<hibernate-mapping>
    <class name="com.postgresdb.data.GeTbCnaeClasse" table="ge_tb_cnae_classe" schema="public" dynamic-insert="false" dynamic-update="false">
        <id name="gecnaedcod" type="string">
            <column name="gecnaedcod" length="5"/>
            <generator class="assigned"/>
        </id>
        <property name="gecnaednome" type="string">
            <column name="gecnaednome" length="100" not-null="true"/>
        </property>
        <many-to-one name="geTbCnaeGrupo" class="com.postgresdb.data.GeTbCnaeGrupo">
            <column name="gecnaedgrupo" length="3" not-null="true"/>
        </many-to-one>
        <set name="geTbCnaeSubclasses" inverse="true" cascade="">
            <key>
                <column name="gecnaeeclasse" length="5" not-null="true"/>
            </key>
            <one-to-many class="com.postgresdb.data.GeTbCnaeSubclasse"/>
        </set>
    </class>
</hibernate-mapping>