<!DOCTYPE hibernate-mapping PUBLIC "-//Hibernate/Hibernate Mapping DTD 3.0//EN" "http://hibernate.sourceforge.net/hibernate-mapping-3.0.dtd">
<hibernate-mapping>
    <class name="com.postgresdb.data.GeTbIndexCota" table="ge_tb_index_cota" schema="public" dynamic-insert="false" dynamic-update="false">
        <id name="geindctid" type="integer">
            <column name="geindctid"/>
            <generator class="identity"/>
        </id>
        <property name="geindctvalor" type="double">
            <column name="geindctvalor" precision="17" not-null="true"/>
        </property>
        <property name="geindctstatus" type="string">
            <column name="geindctstatus" length="1" not-null="true"/>
        </property>
        <property name="geindctinivig" type="date">
            <column name="geindctinivig" length="13"/>
        </property>
        <property name="geindctfimvig" type="date">
            <column name="geindctfimvig" length="13"/>
        </property>
        <many-to-one name="geTbIndex" class="com.postgresdb.data.GeTbIndex">
            <column name="geindctidindex" not-null="true"/>
        </many-to-one>
    </class>
</hibernate-mapping>