<!DOCTYPE hibernate-mapping PUBLIC "-//Hibernate/Hibernate Mapping DTD 3.0//EN" "http://hibernate.sourceforge.net/hibernate-mapping-3.0.dtd">
<hibernate-mapping>
    <class name="com.postgresdb.data.Logintable" table="logintable" schema="public" dynamic-insert="false" dynamic-update="false">
        <id name="userid" type="short">
            <column name="userid"/>
            <generator class="assigned"/>
        </id>
        <property name="username" type="string">
            <column name="username" not-null="true"/>
        </property>
        <property name="userpwd" type="string">
            <column name="userpwd" not-null="true"/>
        </property>
        <property name="role" type="string">
            <column name="role" not-null="true"/>
        </property>
    </class>
</hibernate-mapping>