<!DOCTYPE hibernate-mapping PUBLIC "-//Hibernate/Hibernate Mapping DTD 3.0//EN" "http://hibernate.sourceforge.net/hibernate-mapping-3.0.dtd">
<hibernate-mapping>
    <class name="com.postgresdb.data.SiCliModulo" table="si_cli_modulo" schema="public" dynamic-insert="false" dynamic-update="false">
        <id name="sicxmid" type="integer">
            <column name="sicxmid"/>
            <generator class="identity"/>
        </id>
        <property name="sicxmetapa" type="string">
            <column name="sicxmetapa" length="1" not-null="true"/>
        </property>
        <property name="sicxmdatalimite" type="string">
            <column name="sicxmdatalimite" length="1" not-null="true"/>
        </property>
        <many-to-one name="siClientes" class="com.postgresdb.data.SiClientes">
            <column name="sicxmidcliente" not-null="true"/>
        </many-to-one>
        <many-to-one name="siSisModulo" class="com.postgresdb.data.SiSisModulo">
            <column name="sicxmidmodulo" not-null="true"/>
        </many-to-one>
    </class>
</hibernate-mapping>