<!DOCTYPE hibernate-mapping PUBLIC "-//Hibernate/Hibernate Mapping DTD 3.0//EN" "http://hibernate.sourceforge.net/hibernate-mapping-3.0.dtd">
<hibernate-mapping>
    <class name="com.saasdb.data.GeCaEmpContratos" table="ge_ca_emp_contratos" schema="public" dynamic-insert="false" dynamic-update="false">
        <id name="geempcrid" type="integer">
            <column name="geempcrid"/>
            <generator class="identity"/>
        </id>
        <property name="geempcrdoc" type="binary">
            <column name="geempcrdoc"/>
        </property>
        <property name="geempcrstatus" type="string">
            <column name="geempcrstatus" length="1" not-null="true"/>
        </property>
        <property name="geempcrinivig" type="date">
            <column name="geempcrinivig" length="13"/>
        </property>
        <property name="geempcrfimvig" type="date">
            <column name="geempcrfimvig" length="13"/>
        </property>
        <many-to-one name="geTbTiposContrato" class="com.saasdb.data.GeTbTiposContrato">
            <column name="geempcrtipoid" not-null="true"/>
        </many-to-one>
        <many-to-one name="geCaEmpresas" class="com.saasdb.data.GeCaEmpresas">
            <column name="geempcrempresaid" not-null="true"/>
        </many-to-one>
    </class>
</hibernate-mapping>