<!DOCTYPE hibernate-mapping PUBLIC "-//Hibernate/Hibernate Mapping DTD 3.0//EN" "http://hibernate.sourceforge.net/hibernate-mapping-3.0.dtd">
<hibernate-mapping>
    <class name="com.saasdb.data.GeSgGruXEmpresa" table="ge_sg_gru_x_empresa" schema="public" dynamic-insert="false" dynamic-update="false">
        <id name="gesggxeid" type="integer">
            <column name="gesggxeid"/>
            <generator class="identity"/>
        </id>
        <many-to-one name="geSgGrupos" class="com.saasdb.data.GeSgGrupos">
            <column name="gesggxeidgrp" not-null="true"/>
        </many-to-one>
        <many-to-one name="geCaEmpresas" class="com.saasdb.data.GeCaEmpresas">
            <column name="gesggxeidempresa" not-null="true"/>
        </many-to-one>
    </class>
</hibernate-mapping>