<!DOCTYPE hibernate-mapping PUBLIC "-//Hibernate/Hibernate Mapping DTD 3.0//EN" "http://hibernate.sourceforge.net/hibernate-mapping-3.0.dtd">
<hibernate-mapping>
    <class name="com.saasdb.data.GeTbNatJurClasse" table="ge_tb_nat_jur_classe" schema="public" dynamic-insert="false" dynamic-update="false">
        <id name="genajucid" type="integer">
            <column name="genajucid"/>
            <generator class="identity"/>
        </id>
        <property name="genajuccod" type="string">
            <column name="genajuccod" length="1" not-null="true"/>
        </property>
        <property name="genajucdescr" type="string">
            <column name="genajucdescr" length="60" not-null="true"/>
        </property>
        <property name="genajucstatus" type="string">
            <column name="genajucstatus" length="1" not-null="true"/>
        </property>
        <property name="genajucinivig" type="date">
            <column name="genajucinivig" length="13"/>
        </property>
        <property name="genajucfimvig" type="date">
            <column name="genajucfimvig" length="13"/>
        </property>
        <many-to-one name="siClientes" class="com.saasdb.data.SiClientes">
            <column name="genajuccliid" not-null="true"/>
        </many-to-one>
        <set name="geTbNatJuridicas" inverse="true" cascade="">
            <key>
                <column name="genatjuclasseid" not-null="true"/>
            </key>
            <one-to-many class="com.saasdb.data.GeTbNatJuridica"/>
        </set>
    </class>
</hibernate-mapping>