<!DOCTYPE hibernate-mapping PUBLIC "-//Hibernate/Hibernate Mapping DTD 3.0//EN" "http://hibernate.sourceforge.net/hibernate-mapping-3.0.dtd">
<hibernate-mapping>
    <class name="com.saasdb.data.SiCliTel" table="si_cli_tel" schema="public" dynamic-insert="false" dynamic-update="false">
        <id name="siclitelid" type="integer">
            <column name="siclitelid"/>
            <generator class="identity"/>
        </id>
        <property name="siclitelddd" type="string">
            <column name="siclitelddd" length="6"/>
        </property>
        <property name="siclitelno" type="string">
            <column name="siclitelno" length="8" not-null="true"/>
        </property>
        <property name="siclitelramal" type="string">
            <column name="siclitelramal" length="50"/>
        </property>
        <many-to-one name="siClientes" class="com.saasdb.data.SiClientes">
            <column name="siclitelclienteid" not-null="true"/>
        </many-to-one>
        <many-to-one name="geTbTiposTelefone" class="com.saasdb.data.GeTbTiposTelefone">
            <column name="sicliteltipoid" not-null="true"/>
        </many-to-one>
    </class>
</hibernate-mapping>