<!DOCTYPE hibernate-mapping PUBLIC "-//Hibernate/Hibernate Mapping DTD 3.0//EN" "http://hibernate.sourceforge.net/hibernate-mapping-3.0.dtd">
<hibernate-mapping>
    <class name="com.saasdb.data.SiSisVerComponentes" table="si_sis_ver_componentes" schema="public" dynamic-insert="false" dynamic-update="false">
        <id name="simvecomid" type="integer">
            <column name="simvecomid"/>
            <generator class="identity"/>
        </id>
        <property name="simvecomtipo" type="string">
            <column name="simvecomtipo" length="1" not-null="true"/>
        </property>
        <property name="simvecomdescricao" type="string">
            <column name="simvecomdescricao"/>
        </property>
        <many-to-one name="siSisModComponentes" class="com.saasdb.data.SiSisModComponentes">
            <column name="simvecomidcompo" not-null="true"/>
        </many-to-one>
    </class>
</hibernate-mapping>