<?xml version="1.0" encoding="UTF-8" standalone="yes"?>
<service xmlns="http://www.activegrid.com/namespaces/ServiceDefinitions/1.0" id="PostGREAuthorization" class="Authorize" CRUDService="false" type="JavaService" springFile="PostGREAuthorization.spring.xml">
    <operation name="Authorized">
        <parameter name="uname" typeRef="java.lang.String" isList="false"/>
        <parameter name="pass" typeRef="java.lang.String" isList="false"/>
        <return typeRef="java.lang.String" isList="false"/>
    </operation>
    <operation name="Greet">
        <return typeRef="java.lang.String" isList="false"/>
    </operation>
    <operation name="PassChk">
        <parameter name="in" typeRef="java.lang.String" isList="false"/>
        <return typeRef="int" isList="false"/>
    </operation>
    <operation name="chkfailure">
        <return typeRef="int" isList="false"/>
    </operation>
    <operation name="connectDB">
        <return typeRef="java.sql.Connection" isList="false"/>
    </operation>
    <operation name="encrypt">
        <parameter name="plaintext" typeRef="java.lang.String" isList="false"/>
        <return typeRef="java.lang.String" isList="false"/>
    </operation>
    <dataobjects>
        <dataobject javaType="java.sql.Connection" name="Connection" supportsQuickData="false">
            <element name="autoCommit" typeRef="boolean" isList="false" allowNull="false"/>
            <element name="catalog" typeRef="java.lang.String" isList="false" allowNull="false"/>
            <element name="clientInfo" typeRef="java.util.Properties" isList="false" allowNull="false"/>
            <element name="holdability" typeRef="int" isList="false" allowNull="false"/>
            <element name="metaData" typeRef="java.sql.DatabaseMetaData" isList="false" allowNull="false"/>
        </dataobject>
    </dataobjects>
</service>
